Date,Rainfall(mm)
1901-01-01,28.7
1901-02-01,44.7
1901-03-01,51.6
1901-04-01,160
1901-05-01,174.7
1901-06-01,824.6
1901-07-01,743
1901-08-01,357.5
1901-09-01,197.7
1901-10-01,266.9
1901-11-01,350.8
1901-12-01,48.4
1902-01-01,6.7
1902-02-01,2.6
1902-03-01,57.3
1902-04-01,83.9
1902-05-01,134.5
1902-06-01,390.9
1902-07-01,1205
1902-08-01,315.8
1902-09-01,491.6
1902-10-01,358.4
1902-11-01,158.3
1902-12-01,121.5
1903-01-01,3.2
1903-02-01,18.6
1903-03-01,3.1
1903-04-01,83.6
1903-05-01,249.7
1903-06-01,558.6
1903-07-01,1022.5
1903-08-01,420.2
1903-09-01,341.8
1903-10-01,354.1
1903-11-01,157
1903-12-01,59
1904-01-01,23.7
1904-02-01,3
1904-03-01,32.2
1904-04-01,71.5
1904-05-01,235.7
1904-06-01,1098.2
1904-07-01,725.5
1904-08-01,351.8
1904-09-01,222.7
1904-10-01,328.1
1904-11-01,33.9
1904-12-01,3.3
1905-01-01,1.2
1905-02-01,22.3
1905-03-01,9.4
1905-04-01,105.9
1905-05-01,263.3
1905-06-01,850.2
1905-07-01,520.5
1905-08-01,293.6
1905-09-01,217.2
1905-10-01,383.5
1905-11-01,74.4
1905-12-01,0.2
1906-01-01,26.7
1906-02-01,7.4
1906-03-01,9.9
1906-04-01,59.4
1906-05-01,160.8
1906-06-01,414.9
1906-07-01,954.2
1906-08-01,442.8
1906-09-01,131.2
1906-10-01,251.7
1906-11-01,163.1
1906-12-01,86
1907-01-01,18.8
1907-02-01,4.8
1907-03-01,55.7
1907-04-01,170.8
1907-05-01,101.4
1907-06-01,770.9
1907-07-01,760.4
1907-08-01,981.5
1907-09-01,225
1907-10-01,309.7
1907-11-01,219.1
1907-12-01,52.8
1908-01-01,8
1908-02-01,20.8
1908-03-01,38.2
1908-04-01,102.9
1908-05-01,142.6
1908-06-01,592.6
1908-07-01,902.2
1908-08-01,352.9
1908-09-01,175.9
1908-10-01,253.3
1908-11-01,47.9
1908-12-01,11
1909-01-01,54.1
1909-02-01,11.8
1909-03-01,61.3
1909-04-01,93.8
1909-05-01,473.2
1909-06-01,704.7
1909-07-01,782.3
1909-08-01,258
1909-09-01,195.4
1909-10-01,212.1
1909-11-01,171.1
1909-12-01,32.3
1910-01-01,2.7
1910-02-01,25.7
1910-03-01,23.3
1910-04-01,124.5
1910-05-01,148.8
1910-06-01,680
1910-07-01,484.1
1910-08-01,473.8
1910-09-01,248.6
1910-10-01,356.6
1910-11-01,280.4
1910-12-01,0.1
1911-01-01,3
1911-02-01,4.3
1911-03-01,18.2
1911-04-01,51
1911-05-01,180.6
1911-06-01,990
1911-07-01,705.3
1911-08-01,178.6
1911-09-01,60.2
1911-10-01,302.3
1911-11-01,145.7
1911-12-01,87.6
1912-01-01,1.9
1912-02-01,15
1912-03-01,11.2
1912-04-01,122.7
1912-05-01,217.3
1912-06-01,948.2
1912-07-01,833.6
1912-08-01,534.4
1912-09-01,136.8
1912-10-01,469.5
1912-11-01,138.7
1912-12-01,22
1913-01-01,3.1
1913-02-01,5.2
1913-03-01,20.7
1913-04-01,75.7
1913-05-01,198.8
1913-06-01,541.7
1913-07-01,763.2
1913-08-01,247.2
1913-09-01,176.9
1913-10-01,422.5
1913-11-01,109.9
1913-12-01,45.8
1914-01-01,0.7
1914-02-01,6.8
1914-03-01,18.1
1914-04-01,32.7
1914-05-01,164.2
1914-06-01,565.3
1914-07-01,857.7
1914-08-01,402.2
1914-09-01,241
1914-10-01,374.4
1914-11-01,100.9
1914-12-01,135.2
1915-01-01,16.9
1915-02-01,23.5
1915-03-01,42.7
1915-04-01,106
1915-05-01,154.5
1915-06-01,696.1
1915-07-01,775.6
1915-08-01,298.8
1915-09-01,396.6
1915-10-01,196.6
1915-11-01,302.5
1915-12-01,14.9
1916-01-01,0
1916-02-01,7.8
1916-03-01,22
1916-04-01,82.4
1916-05-01,199
1916-06-01,920.2
1916-07-01,513.9
1916-08-01,396.9
1916-09-01,339.3
1916-10-01,320.7
1916-11-01,134.3
1916-12-01,8.9
1917-01-01,2.9
1917-02-01,47.6
1917-03-01,79.4
1917-04-01,38.1
1917-05-01,122.9
1917-06-01,703.7
1917-07-01,342.7
1917-08-01,335.1
1917-09-01,470.3
1917-10-01,264.1
1917-11-01,256.4
1917-12-01,41.6
1918-01-01,42.9
1918-02-01,5
1918-03-01,32.8
1918-04-01,51.3
1918-05-01,683
1918-06-01,464.3
1918-07-01,167.5
1918-08-01,376
1918-09-01,96.4
1918-10-01,233.2
1918-11-01,295.4
1918-12-01,54.1
1919-01-01,43
1919-02-01,6.1
1919-03-01,33.9
1919-04-01,65.9
1919-05-01,247
1919-06-01,636.8
1919-07-01,648
1919-08-01,484.2
1919-09-01,255.9
1919-10-01,249.2
1919-11-01,280.1
1919-12-01,53
1920-01-01,35.2
1920-02-01,5.5
1920-03-01,24.1
1920-04-01,172
1920-05-01,87.7
1920-06-01,964.3
1920-07-01,940.8
1920-08-01,235
1920-09-01,178
1920-10-01,350.1
1920-11-01,302.3
1920-12-01,8.2
1921-01-01,43
1921-02-01,4.7
1921-03-01,15
1921-04-01,171.3
1921-05-01,104.1
1921-06-01,489.1
1921-07-01,639.8
1921-08-01,641.9
1921-09-01,156.7
1921-10-01,302.4
1921-11-01,136.2
1921-12-01,15.8
1922-01-01,30.5
1922-02-01,21.4
1922-03-01,16.3
1922-04-01,89.6
1922-05-01,293.6
1922-06-01,663.1
1922-07-01,1025.1
1922-08-01,320.6
1922-09-01,222.4
1922-10-01,266.3
1922-11-01,293.7
1922-12-01,25.1
1923-01-01,24.7
1923-02-01,0.7
1923-03-01,78.9
1923-04-01,43.5
1923-05-01,80
1923-06-01,722.5
1923-07-01,1008.7
1923-08-01,943
1923-09-01,254.3
1923-10-01,203.1
1923-11-01,83.9
1923-12-01,41.6
1924-01-01,19.3
1924-02-01,2.9
1924-03-01,66.6
1924-04-01,111
1924-05-01,185.4
1924-06-01,1011.7
1924-07-01,1526.5
1924-08-01,624
1924-09-01,289.1
1924-10-01,176.5
1924-11-01,162.9
1924-12-01,50.4
1925-01-01,4.1
1925-02-01,16.5
1925-03-01,76.9
1925-04-01,93.4
1925-05-01,258.2
1925-06-01,688.8
1925-07-01,593.5
1925-08-01,554.1
1925-09-01,158.8
1925-10-01,295.4
1925-11-01,223.7
1925-12-01,98.8
1926-01-01,28.6
1926-02-01,5.8
1926-03-01,23.1
1926-04-01,55.8
1926-05-01,222.6
1926-06-01,563.9
1926-07-01,885.2
1926-08-01,536
1926-09-01,322.7
1926-10-01,216.7
1926-11-01,88.8
1926-12-01,16.2
1927-01-01,18.8
1927-02-01,35.3
1927-03-01,49.6
1927-04-01,86.5
1927-05-01,265.4
1927-06-01,720.2
1927-07-01,888.2
1927-08-01,315
1927-09-01,335.6
1927-10-01,135.8
1927-11-01,137.6
1927-12-01,6.8
1928-01-01,12.7
1928-02-01,65.9
1928-03-01,51.3
1928-04-01,121.1
1928-05-01,81.9
1928-06-01,590.7
1928-07-01,420.6
1928-08-01,553.2
1928-09-01,75.9
1928-10-01,321.5
1928-11-01,155.2
1928-12-01,52.7
1929-01-01,12.8
1929-02-01,29.8
1929-03-01,58.9
1929-04-01,210.7
1929-05-01,148
1929-06-01,946.6
1929-07-01,844
1929-08-01,293.9
1929-09-01,268.9
1929-10-01,350.4
1929-11-01,158.2
1929-12-01,39.4
1930-01-01,10.8
1930-02-01,10.8
1930-03-01,39
1930-04-01,102.7
1930-05-01,404.9
1930-06-01,633.1
1930-07-01,401.7
1930-08-01,273.4
1930-09-01,411.5
1930-10-01,433.9
1930-11-01,207
1930-12-01,89.2
1931-01-01,3.3
1931-02-01,0.3
1931-03-01,19.2
1931-04-01,126.9
1931-05-01,131.7
1931-06-01,541.7
1931-07-01,653.9
1931-08-01,1199.2
1931-09-01,163.2
1931-10-01,149.3
1931-11-01,164.3
1931-12-01,106.5
1932-01-01,0.1
1932-02-01,19.3
1932-03-01,28.6
1932-04-01,113
1932-05-01,646.5
1932-06-01,341
1932-07-01,716.4
1932-08-01,423.2
1932-09-01,317.3
1932-10-01,543.2
1932-11-01,223.2
1932-12-01,31.3
1933-01-01,1
1933-02-01,9.3
1933-03-01,36.9
1933-04-01,139.5
1933-05-01,738.8
1933-06-01,859.3
1933-07-01,773.4
1933-08-01,479.5
1933-09-01,469.7
1933-10-01,397
1933-11-01,126.1
1933-12-01,42.3
1934-01-01,74.5
1934-02-01,1.7
1934-03-01,47.7
1934-04-01,92.4
1934-05-01,106.7
1934-06-01,852.9
1934-07-01,415
1934-08-01,337.2
1934-09-01,48.4
1934-10-01,335.9
1934-11-01,93.4
1934-12-01,4.9
1935-01-01,23.9
1935-02-01,8.3
1935-03-01,18.1
1935-04-01,120.7
1935-05-01,56.6
1935-06-01,431.3
1935-07-01,687.3
1935-08-01,280.9
1935-09-01,283.3
1935-10-01,403.8
1935-11-01,153
1935-12-01,30.9
1936-01-01,1.2
1936-02-01,16.5
1936-03-01,116
1936-04-01,34
1936-05-01,466.5
1936-06-01,620.8
1936-07-01,672.1
1936-08-01,367.9
1936-09-01,286.7
1936-10-01,231.7
1936-11-01,211.1
1936-12-01,18.6
1937-01-01,6.5
1937-02-01,21.2
1937-03-01,58.7
1937-04-01,175.5
1937-05-01,137.1
1937-06-01,485.6
1937-07-01,970.5
1937-08-01,281.2
1937-09-01,139.8
1937-10-01,401.9
1937-11-01,121
1937-12-01,19.1
1938-01-01,0.3
1938-02-01,79
1938-03-01,53.3
1938-04-01,164.5
1938-05-01,179.6
1938-06-01,681.6
1938-07-01,648.6
1938-08-01,287.9
1938-09-01,223.2
1938-10-01,223.7
1938-11-01,69.5
1938-12-01,22.9
1939-01-01,13.6
1939-02-01,3.6
1939-03-01,24.9
1939-04-01,172.8
1939-05-01,105.1
1939-06-01,625.8
1939-07-01,749.6
1939-08-01,459.9
1939-09-01,134.1
1939-10-01,339.8
1939-11-01,298.1
1939-12-01,10.2
1940-01-01,0.6
1940-02-01,1.5
1940-03-01,3.8
1940-04-01,126.5
1940-05-01,217.4
1940-06-01,606.4
1940-07-01,877.3
1940-08-01,610.8
1940-09-01,68.2
1940-10-01,257.7
1940-11-01,287.5
1940-12-01,60.1
1941-01-01,15.9
1941-02-01,4.6
1941-03-01,12.7
1941-04-01,101.9
1941-05-01,417.5
1941-06-01,797.6
1941-07-01,517.9
1941-08-01,458.5
1941-09-01,257.9
1941-10-01,221.6
1941-11-01,220.5
1941-12-01,84.6
1942-01-01,2.4
1942-02-01,4.7
1942-03-01,23.2
1942-04-01,180.3
1942-05-01,191.9
1942-06-01,813.6
1942-07-01,828.8
1942-08-01,329.3
1942-09-01,99.8
1942-10-01,374.4
1942-11-01,84.7
1942-12-01,117.9
1943-01-01,83.5
1943-02-01,14.6
1943-03-01,38.4
1943-04-01,107.5
1943-05-01,478.4
1943-06-01,794.5
1943-07-01,831.6
1943-08-01,183.3
1943-09-01,257.6
1943-10-01,427.2
1943-11-01,223.4
1943-12-01,24.3
1944-01-01,6.4
1944-02-01,26.6
1944-03-01,61.6
1944-04-01,61.6
1944-05-01,212.7
1944-06-01,498.9
1944-07-01,614.1
1944-08-01,230.7
1944-09-01,155
1944-10-01,289
1944-11-01,244.1
1944-12-01,89.2
1945-01-01,4.4
1945-02-01,9.9
1945-03-01,12.7
1945-04-01,104.1
1945-05-01,53.4
1945-06-01,549.8
1945-07-01,704
1945-08-01,351.8
1945-09-01,110.9
1945-10-01,253.8
1945-11-01,259.5
1945-12-01,18
1946-01-01,1.8
1946-02-01,5.4
1946-03-01,108.4
1946-04-01,139.8
1946-05-01,83
1946-06-01,919
1946-07-01,671.7
1946-08-01,695.6
1946-09-01,199.4
1946-10-01,266.1
1946-11-01,273
1946-12-01,202.3
1947-01-01,22.2
1947-02-01,27.3
1947-03-01,98
1947-04-01,142.2
1947-05-01,85.7
1947-06-01,556.1
1947-07-01,669.3
1947-08-01,739.6
1947-09-01,394.5
1947-10-01,183.7
1947-11-01,32.4
1947-12-01,47
1948-01-01,43
1948-02-01,8.3
1948-03-01,48.2
1948-04-01,125
1948-05-01,212.3
1948-06-01,910.2
1948-07-01,619
1948-08-01,487.9
1948-09-01,166.6
1948-10-01,183.9
1948-11-01,215.6
1948-12-01,19.2
1949-01-01,0.6
1949-02-01,1.8
1949-03-01,4.5
1949-04-01,98.1
1949-05-01,440
1949-06-01,536.3
1949-07-01,758.7
1949-08-01,445.2
1949-09-01,354.5
1949-10-01,229.1
1949-11-01,71.9
1949-12-01,1.8
1950-01-01,0.1
1950-02-01,53.7
1950-03-01,31.1
1950-04-01,68.5
1950-05-01,242
1950-06-01,638.3
1950-07-01,905.7
1950-08-01,387.3
1950-09-01,411.6
1950-10-01,250.4
1950-11-01,149.2
1950-12-01,8.8
1951-01-01,6.6
1951-02-01,6.5
1951-03-01,41.6
1951-04-01,175.9
1951-05-01,148.5
1951-06-01,774.1
1951-07-01,544.6
1951-08-01,190.6
1951-09-01,313.8
1951-10-01,250.6
1951-11-01,229.6
1951-12-01,23.2
1952-01-01,5.2
1952-02-01,48.2
1952-03-01,20.8
1952-04-01,112.2
1952-05-01,214.6
1952-06-01,576.7
1952-07-01,430
1952-08-01,413.6
1952-09-01,57.4
1952-10-01,339.6
1952-11-01,49.6
1952-12-01,66.9
1953-01-01,13.1
1953-02-01,22.6
1953-03-01,18.5
1953-04-01,132.4
1953-05-01,55.4
1953-06-01,340.5
1953-07-01,1027.6
1953-08-01,356.4
1953-09-01,100.5
1953-10-01,410.5
1953-11-01,62.2
1953-12-01,5.1
1954-01-01,23.5
1954-02-01,2.8
1954-03-01,90.6
1954-04-01,136.9
1954-05-01,179.5
1954-06-01,798.3
1954-07-01,640.5
1954-08-01,467
1954-09-01,201.6
1954-10-01,303.1
1954-11-01,31.6
1954-12-01,62.5
1955-01-01,4.2
1955-02-01,6.3
1955-03-01,28.2
1955-04-01,125.9
1955-05-01,544.2
1955-06-01,782.4
1955-07-01,392.8
1955-08-01,236
1955-09-01,438.5
1955-10-01,378.2
1955-11-01,178.1
1955-12-01,19.8
1956-01-01,7.9
1956-02-01,11.7
1956-03-01,15.1
1956-04-01,151.6
1956-05-01,351.3
1956-06-01,755.4
1956-07-01,466.8
1956-08-01,319.5
1956-09-01,178.4
1956-10-01,353.3
1956-11-01,178.2
1956-12-01,9.1
1957-01-01,1.2
1957-02-01,16
1957-03-01,25.7
1957-04-01,70.2
1957-05-01,381.2
1957-06-01,872
1957-07-01,835.3
1957-08-01,358.8
1957-09-01,41.3
1957-10-01,280.1
1957-11-01,192.5
1957-12-01,28.9
1958-01-01,4.4
1958-02-01,19.3
1958-03-01,57.3
1958-04-01,135.1
1958-05-01,353.5
1958-06-01,713.3
1958-07-01,622.7
1958-08-01,526.6
1958-09-01,86.1
1958-10-01,191
1958-11-01,206.1
1958-12-01,7.7
1959-01-01,3
1959-02-01,21.4
1959-03-01,6.3
1959-04-01,150.7
1959-05-01,347.2
1959-06-01,872.8
1959-07-01,1155.7
1959-08-01,397.3
1959-09-01,405.5
1959-10-01,200.4
1959-11-01,151.9
1959-12-01,34
1960-01-01,9.4
1960-02-01,8.4
1960-03-01,44.4
1960-04-01,206.6
1960-05-01,540
1960-06-01,480.3
1960-07-01,750.9
1960-08-01,336.8
1960-09-01,371.2
1960-10-01,255.9
1960-11-01,358
1960-12-01,23.7
1961-01-01,13.7
1961-02-01,31.3
1961-03-01,11.4
1961-04-01,94.1
1961-05-01,500.5
1961-06-01,1005.2
1961-07-01,1146.5
1961-08-01,678.3
1961-09-01,399.3
1961-10-01,274.2
1961-11-01,85.9
1961-12-01,17.5
1962-01-01,28.4
1962-02-01,54.7
1962-03-01,39.6
1962-04-01,95.1
1962-05-01,472.4
1962-06-01,244.9
1962-07-01,951.1
1962-08-01,510.7
1962-09-01,394.9
1962-10-01,475.6
1962-11-01,31.5
1962-12-01,76.9
1963-01-01,30.2
1963-02-01,24.8
1963-03-01,69.8
1963-04-01,96.3
1963-05-01,157.1
1963-06-01,393.3
1963-07-01,720.2
1963-08-01,511
1963-09-01,223.9
1963-10-01,282.6
1963-11-01,93.4
1963-12-01,48.4
1964-01-01,1.1
1964-02-01,7.8
1964-03-01,67.2
1964-04-01,83.3
1964-05-01,94.8
1964-06-01,379.4
1964-07-01,754.2
1964-08-01,548
1964-09-01,398.2
1964-10-01,325.7
1964-11-01,191.7
1964-12-01,17.8
1965-01-01,9.1
1965-02-01,0.9
1965-03-01,28.3
1965-04-01,109.8
1965-05-01,214.5
1965-06-01,597.7
1965-07-01,465.1
1965-08-01,296.1
1965-09-01,150.1
1965-10-01,183.7
1965-11-01,131.7
1965-12-01,155.5
1966-01-01,3
1966-02-01,6.9
1966-03-01,67.7
1966-04-01,167.4
1966-05-01,95.2
1966-06-01,496.2
1966-07-01,601.9
1966-08-01,202.1
1966-09-01,293.2
1966-10-01,392.3
1966-11-01,245.4
1966-12-01,50.5
1967-01-01,14.3
1967-02-01,0.1
1967-03-01,24.6
1967-04-01,70.1
1967-05-01,244.9
1967-06-01,541.7
1967-07-01,741.4
1967-08-01,508.4
1967-09-01,145.8
1967-10-01,172.7
1967-11-01,74
1967-12-01,31.1
1968-01-01,7.3
1968-02-01,30.5
1968-03-01,89.2
1968-04-01,133.3
1968-05-01,90
1968-06-01,696.4
1968-07-01,1308.9
1968-08-01,380.7
1968-09-01,325.4
1968-10-01,178.9
1968-11-01,119.4
1968-12-01,32.7
1969-01-01,2.7
1969-02-01,6.4
1969-03-01,19.4
1969-04-01,117.2
1969-05-01,227.4
1969-06-01,550.5
1969-07-01,818.8
1969-08-01,284.8
1969-09-01,216.4
1969-10-01,235.6
1969-11-01,119.4
1969-12-01,66.3
1970-01-01,12.9
1970-02-01,17.6
1970-03-01,25.8
1970-04-01,132.7
1970-05-01,289.1
1970-06-01,535.3
1970-07-01,558.1
1970-08-01,554.8
1970-09-01,212.5
1970-10-01,278.3
1970-11-01,80.5
1970-12-01,5.7
1971-01-01,31.6
1971-02-01,18.5
1971-03-01,20
1971-04-01,113
1971-05-01,317.5
1971-06-01,889.6
1971-07-01,648.6
1971-08-01,385.2
1971-09-01,331.2
1971-10-01,220.9
1971-11-01,38.3
1971-12-01,62.3
1972-01-01,2.6
1972-02-01,7.5
1972-03-01,2.5
1972-04-01,87.5
1972-05-01,436
1972-06-01,401.8
1972-07-01,714.4
1972-08-01,294.9
1972-09-01,185.7
1972-10-01,351.5
1972-11-01,140.5
1972-12-01,114.3
1973-01-01,0
1973-02-01,0.3
1973-03-01,12.3
1973-04-01,131.5
1973-05-01,119.9
1973-06-01,617
1973-07-01,583.5
1973-08-01,487.5
1973-09-01,61.3
1973-10-01,260.8
1973-11-01,84.5
1973-12-01,53.8
1974-01-01,1.6
1974-02-01,5.4
1974-03-01,16
1974-04-01,128
1974-05-01,221.5
1974-06-01,266.9
1974-07-01,1004.2
1974-08-01,533.6
1974-09-01,383.6
1974-10-01,142.1
1974-11-01,61
1974-12-01,3.6
1975-01-01,5.2
1975-02-01,21.4
1975-03-01,63.4
1975-04-01,123.8
1975-05-01,162.2
1975-06-01,864.4
1975-07-01,531.3
1975-08-01,675.9
1975-09-01,457.7
1975-10-01,368.9
1975-11-01,204.3
1975-12-01,19.9
1976-01-01,0.1
1976-02-01,1.5
1976-03-01,21
1976-04-01,134.5
1976-05-01,75.8
1976-06-01,196.8
1976-07-01,641.5
1976-08-01,342.6
1976-09-01,116.2
1976-10-01,221.3
1976-11-01,286.7
1976-12-01,30.8
1977-01-01,1.1
1977-02-01,15.7
1977-03-01,28.3
1977-04-01,102.3
1977-05-01,306.4
1977-06-01,599.6
1977-07-01,753.3
1977-08-01,234.2
1977-09-01,201.3
1977-10-01,437
1977-11-01,361.7
1977-12-01,6.7
1978-01-01,3.3
1978-02-01,14.7
1978-03-01,31.4
1978-04-01,73.9
1978-05-01,396.8
1978-06-01,758.1
1978-07-01,686.7
1978-08-01,516.8
1978-09-01,119.4
1978-10-01,171
1978-11-01,365.6
1978-12-01,39
1979-01-01,2.4
1979-02-01,30
1979-03-01,11.7
1979-04-01,42
1979-05-01,127.7
1979-06-01,582.9
1979-07-01,662.2
1979-08-01,383.7
1979-09-01,211.7
1979-10-01,163.8
1979-11-01,261.7
1979-12-01,23.3
1980-01-01,0
1980-02-01,0.9
1980-03-01,20.8
1980-04-01,114.8
1980-05-01,105.3
1980-06-01,745.9
1980-07-01,754
1980-08-01,438.1
1980-09-01,139.5
1980-10-01,282.3
1980-11-01,162.3
1980-12-01,39.5
1981-01-01,7
1981-02-01,6.8
1981-03-01,28.5
1981-04-01,75.9
1981-05-01,166.3
1981-06-01,912.4
1981-07-01,489.8
1981-08-01,495.6
1981-09-01,376.6
1981-10-01,265
1981-11-01,138.6
1981-12-01,43.3
1982-01-01,0.7
1982-02-01,0.1
1982-03-01,21.9
1982-04-01,60.4
1982-05-01,148.2
1982-06-01,612.2
1982-07-01,511.5
1982-08-01,495
1982-09-01,70.6
1982-10-01,164.4
1982-11-01,127.5
1982-12-01,10.8
1983-01-01,0.2
1983-02-01,1.5
1983-03-01,0.9
1983-04-01,13.1
1983-05-01,76
1983-06-01,322.8
1983-07-01,583.2
1983-08-01,579.9
1983-09-01,421.1
1983-10-01,136.2
1983-11-01,116.5
1983-12-01,69.1
1984-01-01,36.8
1984-02-01,60
1984-03-01,95.3
1984-04-01,162.1
1984-05-01,84.6
1984-06-01,842.6
1984-07-01,653.6
1984-08-01,284.4
1984-09-01,171.1
1984-10-01,286
1984-11-01,67.7
1984-12-01,18
1985-01-01,61.2
1985-02-01,6.1
1985-03-01,29.3
1985-04-01,66.6
1985-05-01,254.2
1985-06-01,828.7
1985-07-01,388.9
1985-08-01,315.3
1985-09-01,117.6
1985-10-01,204
1985-11-01,74.9
1985-12-01,44
1986-01-01,5.6
1986-02-01,18.7
1986-03-01,11.2
1986-04-01,63.1
1986-05-01,126.7
1986-06-01,597.9
1986-07-01,324.8
1986-08-01,340.3
1986-09-01,235.4
1986-10-01,165.5
1986-11-01,194.7
1986-12-01,9.5
1987-01-01,0.6
1987-02-01,0.8
1987-03-01,4.3
1987-04-01,57.2
1987-05-01,108.3
1987-06-01,572.6
1987-07-01,221
1987-08-01,396.6
1987-09-01,157
1987-10-01,272.1
1987-11-01,216
1987-12-01,131.1
1988-01-01,0.8
1988-02-01,17.5
1988-03-01,38.1
1988-04-01,177.6
1988-05-01,157.2
1988-06-01,511.3
1988-07-01,502.8
1988-08-01,379.8
1988-09-01,451.7
1988-10-01,68.5
1988-11-01,67
1988-12-01,31.1
1989-01-01,10.3
1989-02-01,0
1989-03-01,30.1
1989-04-01,141.5
1989-05-01,169.4
1989-06-01,657.5
1989-07-01,450.7
1989-08-01,285.5
1989-09-01,271.1
1989-10-01,308
1989-11-01,92.9
1989-12-01,5.6
1990-01-01,14.9
1990-02-01,4.8
1990-03-01,18
1990-04-01,41.8
1990-05-01,488.5
1990-06-01,528.6
1990-07-01,635.4
1990-08-01,370.8
1990-09-01,103.3
1990-10-01,323.2
1990-11-01,158.8
1990-12-01,5.2
1991-01-01,10.9
1991-02-01,4.4
1991-03-01,33.2
1991-04-01,97
1991-05-01,113.4
1991-06-01,1096.1
1991-07-01,905.5
1991-08-01,465.5
1991-09-01,48.5
1991-10-01,307.8
1991-11-01,99.9
1991-12-01,2.3
1992-01-01,2.4
1992-02-01,0.9
1992-03-01,0.1
1992-04-01,43
1992-05-01,218.4
1992-06-01,819.3
1992-07-01,767.8
1992-08-01,508
1992-09-01,297.5
1992-10-01,290.7
1992-11-01,287.6
1992-12-01,3.7
1993-01-01,0
1993-02-01,17.8
1993-03-01,20.1
1993-04-01,66.5
1993-05-01,159
1993-06-01,657.1
1993-07-01,776.1
1993-08-01,301.9
1993-09-01,88
1993-10-01,431.2
1993-11-01,153.8
1993-12-01,46.2
1994-01-01,24.3
1994-02-01,27.1
1994-03-01,18.1
1994-04-01,154.5
1994-05-01,141.3
1994-06-01,845
1994-07-01,955.5
1994-08-01,479.9
1994-09-01,212.6
1994-10-01,428.4
1994-11-01,117.6
1994-12-01,6.5
1995-01-01,10.3
1995-02-01,6.5
1995-03-01,37.3
1995-04-01,134.9
1995-05-01,355.6
1995-06-01,493.4
1995-07-01,702.5
1995-08-01,457.3
1995-09-01,280
1995-10-01,198.3
1995-11-01,182.6
1995-12-01,0.1
1996-01-01,2.8
1996-02-01,9.1
1996-03-01,14.4
1996-04-01,124.3
1996-05-01,74.3
1996-06-01,572.4
1996-07-01,696
1996-08-01,327.4
1996-09-01,342.7
1996-10-01,294.1
1996-11-01,89.9
1996-12-01,62.5
1997-01-01,2.1
1997-02-01,1.5
1997-03-01,36.1
1997-04-01,60.6
1997-05-01,133.6
1997-06-01,544.2
1997-07-01,970.5
1997-08-01,536
1997-09-01,292.2
1997-10-01,288.9
1997-11-01,298.4
1997-12-01,88.4
1998-01-01,6
1998-02-01,2.1
1998-03-01,8.1
1998-04-01,61.1
1998-05-01,151.6
1998-06-01,732.5
1998-07-01,641.4
1998-08-01,371.8
1998-09-01,517.6
1998-10-01,444.8
1998-11-01,135
1998-12-01,79.4
1999-01-01,1.8
1999-02-01,23.8
1999-03-01,21.4
1999-04-01,111.6
1999-05-01,453.2
1999-06-01,607.3
1999-07-01,700.4
1999-08-01,266.3
1999-09-01,88
1999-10-01,567.9
1999-11-01,68.1
1999-12-01,4.9
2000-01-01,11.7
2000-02-01,57.8
2000-03-01,21.5
2000-04-01,96.3
2000-05-01,124.5
2000-06-01,633.8
2000-07-01,343.2
2000-08-01,566.5
2000-09-01,195.8
2000-10-01,214.2
2000-11-01,78.1
2000-12-01,69.1
2001-01-01,16.5
2001-02-01,28.3
2001-03-01,7
2001-04-01,238
2001-05-01,238.6
2001-06-01,715.3
2001-07-01,598.5
2001-08-01,361.3
2001-09-01,216.8
2001-10-01,319.6
2001-11-01,181
2001-12-01,10.1
2002-01-01,4.7
2002-02-01,8.7
2002-03-01,35.7
2002-04-01,117.3
2002-05-01,330.8
2002-06-01,503.1
2002-07-01,318.7
2002-08-01,438.2
2002-09-01,99
2002-10-01,511.7
2002-11-01,137.5
2002-12-01,2.1
2003-01-01,0.7
2003-02-01,50.9
2003-03-01,82.1
2003-04-01,134.4
2003-05-01,91
2003-06-01,566.7
2003-07-01,532
2003-08-01,350.3
2003-09-01,93.6
2003-10-01,407
2003-11-01,76.4
2003-12-01,9.7
2004-01-01,2.4
2004-02-01,8.1
2004-03-01,37.9
2004-04-01,113.2
2004-05-01,610.9
2004-06-01,673.4
2004-07-01,385.4
2004-08-01,417.9
2004-09-01,192.8
2004-10-01,320.6
2004-11-01,120.7
2004-12-01,2.7
2005-01-01,19.8
2005-02-01,7
2005-03-01,25.3
2005-04-01,205.9
2005-05-01,134.8
2005-06-01,619.2
2005-07-01,832.7
2005-08-01,291
2005-09-01,414.7
2005-10-01,240.1
2005-11-01,184.3
2005-12-01,56.4
2006-01-01,8.1
2006-02-01,0.5
2006-03-01,90.7
2006-04-01,65.3
2006-05-01,521.2
2006-06-01,482.4
2006-07-01,804
2006-08-01,432.6
2006-09-01,474.8
2006-10-01,376.4
2006-11-01,162.8
2006-12-01,1.8
2007-01-01,0.5
2007-02-01,5.6
2007-03-01,7.3
2007-04-01,138.5
2007-05-01,192.7
2007-06-01,705.9
2007-07-01,966.3
2007-08-01,489.6
2007-09-01,526.7
2007-10-01,357.2
2007-11-01,87.4
2007-12-01,11.9
2008-01-01,0.8
2008-02-01,30.3
2008-03-01,217.2
2008-04-01,108.4
2008-05-01,81.2
2008-06-01,469.9
2008-07-01,505.1
2008-08-01,349
2008-09-01,347
2008-10-01,343.4
2008-11-01,55.4
2008-12-01,17
2009-01-01,3.3
2009-02-01,1.5
2009-03-01,62.6
2009-04-01,69
2009-05-01,191.6
2009-06-01,438.2
2009-07-01,924.9
2009-08-01,269.3
2009-09-01,326.5
2009-10-01,205.2
2009-11-01,274.4
2009-12-01,44.2
2010-01-01,18.6
2010-02-01,1
2010-03-01,31.4
2010-04-01,138.9
2010-05-01,190.6
2010-06-01,667.5
2010-07-01,629
2010-08-01,356
2010-09-01,275.6
2010-10-01,441.4
2010-11-01,335.1
2010-12-01,46.8
2011-01-01,20.5
2011-02-01,45.7
2011-03-01,24.1
2011-04-01,165.2
2011-05-01,124.2
2011-06-01,788.5
2011-07-01,536.8
2011-08-01,492.7
2011-09-01,391.2
2011-10-01,227.2
2011-11-01,169.7
2011-12-01,49.5
2012-01-01,7.4
2012-02-01,11
2012-03-01,21
2012-04-01,171.1
2012-05-01,95.3
2012-06-01,430.3
2012-07-01,362.6
2012-08-01,501.6
2012-09-01,241.1
2012-10-01,187.5
2012-11-01,112.9
2012-12-01,9.4
2013-01-01,3.9
2013-02-01,40.1
2013-03-01,49.9
2013-04-01,49.3
2013-05-01,119.3
2013-06-01,1042.7
2013-07-01,830.2
2013-08-01,369.7
2013-09-01,318.6
2013-10-01,259.9
2013-11-01,154.9
2013-12-01,17
2014-01-01,4.6
2014-02-01,10.3
2014-03-01,17.9
2014-04-01,95.7
2014-05-01,251
2014-06-01,454.4
2014-07-01,677.8
2014-08-01,733.9
2014-09-01,298.8
2014-10-01,355.5
2014-11-01,99.5
2014-12-01,47.2
2015-01-01,3.1
2015-02-01,5.8
2015-03-01,50.1
2015-04-01,214.1
2015-05-01,201.8
2015-06-01,563.6
2015-07-01,406
2015-08-01,252.2
2015-09-01,292.9
2015-10-01,308.1
2015-11-01,223.6
2015-12-01,79.4
2016-01-01,2.4
2016-02-01,3.8
2016-03-01,35.9
2016-04-01,143
2016-05-01,186.4
2016-06-01,522.2
2016-07-01,412.3
2016-08-01,325.5
2016-09-01,173.2
2016-10-01,225.9
2016-11-01,125.4
2016-12-01,23.6
2017-01-01,1.9
2017-02-01,6.8
2017-03-01,8.9
2017-04-01,43.6
2017-05-01,173.5
2017-06-01,498.5
2017-07-01,319.6
2017-08-01,531.8
2017-09-01,209.5
2017-10-01,192.4
2017-11-01,92.5
2017-12-01,38.1
2018-01-01,29.1
2018-02-01,52.1
2018-03-01,48.6
2018-04-01,116.4
2018-05-01,183.8
2018-06-01,625.4
2018-07-01,1048.5
2018-08-01,1398.9
2018-09-01,423.6
2018-10-01,356.1
2018-11-01,125.4
2018-12-01,65.1
